source_file,mode,avg_value,std_value,units,n_valid,row_idx,col_idx
PEGDA01TPO000SiNP_Sam01_S1_P__GrID000_LOC_RC001001-5.00x5.00-Modulus_Backward-251021-CRO.tiff,modulus_mask_thr_high_100000,1675649867.258755,185602493043.20547,kPa,84608,0,0
PEGDA01TPO000SiNP_Sam01_S1_P__GrID001_LOC_RC001002-5.00x5.00-Modulus_Backward-251021-CRO.tiff,modulus_mask_thr_high_100000,834694541.5450431,82866621828.8931,kPa,74962,0,1
PEGDA01TPO000SiNP_Sam01_S1_P__GrID002_LOC_RC001001-5.00x5.00-Modulus_Backward-251020-CRO.tiff,modulus_mask_thr_high_100000,854828417.8174236,147689954397.83264,kPa,72915,0,0
PEGDA01TPO000SiNP_Sam01_S1_P__GrID002_LOC_RC001005-5.00x5.00-Modulus_Backward-251022-CRO.tiff,modulus_mask_thr_high_100000,26561379.72237398,107553471.92871413,kPa,61200,0,4
PEGDA01TPO000SiNP_Sam01_S1_P__GrID003_LOC_RC001006-5.00x5.00-Modulus_Backward-251022-CRO.tiff,modulus_mask_thr_high_100000,658026210.9912575,91034141017.5717,kPa,86361,0,5
PEGDA01TPO000SiNP_Sam01_S1_P__GrID005_LOC_RC001010-5.00x5.00-Modulus_Backward-251027-CRO.tiff,modulus_mask_thr_high_100000,4253791276.619387,703502206765.102,kPa,51594,0,9
PEGDA01TPO000SiNP_Sam01_S1_P__GrID006_LOC_RC001011-5.00x5.00-Modulus_Backward-251027-CRO.tiff,modulus_mask_thr_high_100000,2805333900.1890087,473286639122.9715,kPa,37525,0,10
