source_file,grain_id,area_px,diameter_px,diameter_nm,center_x_px,center_y_px,center_x_nm,center_y_nm,kept,isolated,edge_excluded,grain_center_x,grain_center_y,grain_pixel_area,grain_projected_area,grain_surface_area,grain_mean,grain_max,grain_min,grain_rms,grain_equiv_disc_radius,grain_equiv_square_side,grain_equiv_ellipse_major,grain_equiv_ellipse_minor,grain_circumcircle_r,grain_inscribed_disc_r
PEGDA01TPO10SiNPSam02_S2_P__GrID042_LOC_RC010012-5.00x5.00-Z Height_Forward-251001-CRO_06675601.tiff,1,55960,266.9278646439515,2606.717428163589,191.55114367405287,325.0590421729807,1870.6166374419224,3174.4047087205145,0,0,0,1.8706166374419225e-06,3.1744047087205144e-06,55960.0,5.336761474609374e-12,6.631418589524644e-12,2.2002391978243346e-07,7.275212313460228e-07,7.561476375600678e-08,1.3188468390725911e-07,1.3033587140817944e-06,2.310143171885538e-06,2.928015528434404e-06,6.802797120372366e-07,3.24288003430922e-06,6.460680295879842e-07
PEGDA01TPO10SiNPSam02_S2_P__GrID042_LOC_RC010012-5.00x5.00-Z Height_Forward-251001-CRO_06675601.tiff,2,24828,177.79761364170392,1736.3048207197648,449.3260834541646,403.6870066054454,4387.950033732076,3942.255923881303,0,0,0,4.387950033732076e-06,3.942255923881303e-06,24828.0,2.367782592773437e-12,2.8968371356950446e-12,2.2400338288417956e-07,7.778877157060382e-07,7.561459862235843e-08,1.4149570404678753e-07,8.681524103598823e-07,1.5387600829152793e-06,1.2848214911900379e-06,6.434229496973852e-07,1.4938421536938057e-06,5.172235004200397e-07
PEGDA01TPO10SiNPSam02_S2_P__GrID042_LOC_RC010012-5.00x5.00-Z Height_Forward-251001-CRO_06675601.tiff,3,11,3.742410318509555,36.54697576669488,127.68181818181816,280.6818181818182,1246.892755681818,2741.033380681818,0,0,0,1.246892755681818e-06,2.741033380681818e-06,11.0,1.0490417480468747e-15,1.054702313203421e-15,7.625057636774103e-08,7.695593532044329e-08,7.569814450045949e-08,4.2297664066221603e-10,1.8273487883347434e-08,3.238891396831445e-08,1.901922417910274e-08,1.8374771590291157e-08,2.3480308929514833e-08,1.499883849536162e-08
