source_file,particle_id,diameter_px,diameter_nm,center_x_nm,center_y_nm,center_x_px,center_y_px,kept,isolated
PEGDA01TPO10SiNPSam02_S2_P__GrID019_LOC_RC005001-5.00x5.00-Z Height_Forward-251001-CRO_72520118.tiff,1,129.18832746184353,1261.6047603695656,2006.1922466241988,2788.938976912954,205.43408605431796,285.5873512358865,0,0
