source_file,mode,avg_value,std_value,units,n_valid,row_idx,col_idx
PEGDA01TPO000SiNP_Sam01_S1_P__GrID000_LOC_RC001001-5.00x5.00-Modulus_Backward-251021-CRO.tiff,modulus_mask_thr_max_60000,1675649867.258755,185602493043.20547,kPa,84611,0,0
PEGDA01TPO000SiNP_Sam01_S1_P__GrID001_LOC_RC001002-5.00x5.00-Modulus_Backward-251021-CRO.tiff,modulus_mask_thr_max_60000,834694541.5450431,82866621828.8931,kPa,74968,0,1
PEGDA01TPO000SiNP_Sam01_S1_P__GrID002_LOC_RC001003-5.00x5.00-Modulus_Backward-251020-CRO.tiff,modulus_mask_thr_max_60000,854828417.8174236,147689954397.83264,kPa,72928,0,2
PEGDA01TPO000SiNP_Sam01_S1_P__GrID003_LOC_RC001006-5.00x5.00-Modulus_Backward-251022-CRO.tiff,modulus_mask_thr_max_60000,658026210.9912575,91034141017.5717,kPa,86370,0,5
PEGDA01TPO000SiNP_Sam01_S1_P__GrID004_LOC_RC001005-5.00x5.00-Modulus_Backward-251022-CRO.tiff,modulus_mask_thr_max_60000,26561379.72237398,107553471.92871413,kPa,61561,0,4
PEGDA01TPO000SiNP_Sam01_S1_P__GrID005_LOC_RC001010-5.00x5.00-Modulus_Backward-251027-CRO.tiff,modulus_mask_thr_max_60000,4253791276.619387,703502206765.102,kPa,51598,0,9
PEGDA01TPO000SiNP_Sam01_S1_P__GrID006_LOC_RC001011-5.00x5.00-Modulus_Backward-251027-CRO.tiff,modulus_mask_thr_max_60000,2805333900.1890087,473286639122.9715,kPa,37532,0,10
