source_file,grain_id,area_px,diameter_px,diameter_nm,center_x_px,center_y_px,center_x_nm,center_y_nm,kept,isolated,edge_excluded,grain_center_x,grain_center_y,grain_pixel_area,grain_projected_area,grain_surface_area,grain_mean,grain_max,grain_min,grain_rms,grain_equiv_disc_radius,grain_equiv_square_side,grain_equiv_ellipse_major,grain_equiv_ellipse_minor,grain_circumcircle_r,grain_inscribed_disc_r
PEGDA01TPO10SiNPSam02_S2_P__GrID057_LOC_RC012006-5.00x5.00-Z Height_Forward-251001-CRO_80e384e2.tiff,1,11976,123.4840750370197,1205.8991702833955,197.71893787575146,77.79233466933867,1930.8490026928855,759.6907682552604,0,0,0,1.9308490026928855e-06,7.596907682552604e-07,11976.0,1.1421203613281248e-12,1.6278972393886585e-12,3.341851205097778e-07,5.132512621716651e-07,1.53416042661406e-07,1.0303250047084087e-07,6.029495851416977e-07,1.0687003140862852e-06,8.506065670180493e-07,4.344350594147483e-07,8.760879163580536e-07,4.269729728584021e-07
PEGDA01TPO10SiNPSam02_S2_P__GrID057_LOC_RC012006-5.00x5.00-Z Height_Forward-251001-CRO_80e384e2.tiff,2,1132,37.96455142155909,370.74757247616293,239.39134275618372,251.49469964664308,2337.8060816033567,2456.002926236749,1,1,0,2.3378060816033566e-06,2.4560029262367488e-06,1132.0,1.0795593261718748e-13,1.1060317414328914e-13,1.656164116308687e-07,1.8196233442672487e-07,1.534404007704967e-07,7.676799988793248e-09,1.8537378623808147e-07,3.2856648127462346e-07,2.0578758963375273e-07,1.683695710931578e-07,2.164505625361663e-07,1.5958883987561278e-07
