source_file,particle_id,diameter_px,diameter_nm,center_x_nm,center_y_nm,center_x_px,center_y_px,kept,isolated
PEGDA01TPO10SiNPSam02_S2_P__GrID019_LOC_RC005001-5.00x5.00-Z Height_Forward-251001-CRO_72520118.tiff,1,358.37720261831015,3499.777369319435,1542.2785769031543,2623.5193952484337,157.929326274883,268.6483860734396,0,0
PEGDA01TPO10SiNPSam02_S2_P__GrID019_LOC_RC005001-5.00x5.00-Z Height_Forward-251001-CRO_72520118.tiff,2,7.569397566060481,73.91989810605938,4965.60329861111,27.886284722222218,508.4777777777777,2.855555555555555,0,0
PEGDA01TPO10SiNPSam02_S2_P__GrID019_LOC_RC005001-5.00x5.00-Z Height_Forward-251001-CRO_72520118.tiff,3,5.970821321441846,58.30880196720553,74.28850446428571,3664.2020089285716,7.607142857142857,375.2142857142857,0,0
