source_file,particle_id,diameter_px,diameter_nm,center_x_nm,center_y_nm,center_x_px,center_y_px,kept,isolated
PEGDA01TPO10SiNPSam02_S2_P__GrID038_LOC_RC010002-5.00x5.00-Z Height_Forward-251001-CRO_48cf5878.tiff,1,129.183399525031,1261.556635986631,2990.5332223477913,1184.4692810854885,306.23060196841385,121.28965438315403,0,0
